<?xml version="1.0"?>
<metadata xml:lang="nl"><Esri><CreaDate>20120112</CreaDate><CreaTime>13575100</CreaTime><SyncOnce>TRUE</SyncOnce><MetaID>{5730890E-1384-4E5C-B8C8-AD66467C977C}</MetaID></Esri><MD_Metadata xmlns:gml="http://www.opengis.net/gml" xmlns:xlink="http://www.w3.org/1999/xlink" xmlns:xsi="http://www.w3.org/2001/XMLSchema-instance" xmlns:gco="http://www.isotc211.org/2005/gco" xsi:schemaLocation="http://www.isotc211.org/2005/gmd http://www.isotc211.org/schemas/2005/gmd/metadataEntity.xsd" xmlns="http://www.isotc211.org/2005/gmd"><distributionInfo><MD_Distribution><transferOptions><MD_DigitalTransferOptions><onLine><CI_OnlineResource><linkage><URL>\\V-PBES-ARCGIS1\D$\Buurtkaart\publicatie jan 2011\2011 versie 1.0\levering\wijk_2011_gn1</URL></linkage></CI_OnlineResource></onLine></MD_DigitalTransferOptions></transferOptions></MD_Distribution></distributionInfo></MD_Metadata><distInfo><distributor><distorTran><onLineSrc><linkage Sync="TRUE">file://\\V-PBES-ARCGIS1\D$\Buurtkaart\publicatie jan 2011\2011 versie 1.0\levering\wijk_2011_gn1</linkage><protocol Sync="TRUE">Local Area Network</protocol></onLineSrc></distorTran></distributor></distInfo><dataqual><lineage><procstep><procdesc Sync="TRUE">Dataset copied.</procdesc><srcused Sync="TRUE">D:\Buurtkaart\publicatie jan 2011\2011 versie 1.0\wijk_2011_gn1</srcused><procdate Sync="TRUE">20120112</procdate><proctime Sync="TRUE">13575100</proctime></procstep></lineage></dataqual></metadata>
